airway_bill,kit_id,logger_id,picked_up_at,delivered_at,custody_trace
AWB-774400,K-123-201-V02,LOG-4400,2026-03-15T10:46,2026-03-16T13:46,complete
AWB-774401,K-123-201-V03,LOG-4401,2026-06-07T10:53,2026-06-08T13:53,complete
AWB-774402,K-123-201-V04,LOG-4402,2026-08-06T10:55,2026-08-07T13:55,complete
AWB-774403,K-123-204-V02,LOG-4403,2026-03-11T10:49,2026-03-12T13:49,complete
AWB-774404,K-123-204-V03,LOG-4404,2026-06-03T10:56,2026-06-04T13:56,complete
AWB-774405,K-123-204-V04,LOG-4405,2026-08-05T10:59,2026-08-06T13:59,complete
AWB-774406,K-123-207-V02,LOG-4406,2026-03-14T10:52,2026-03-15T13:52,complete
AWB-774407,K-123-207-V03,LOG-4407,2026-06-06T10:59,2026-06-07T13:59,complete
AWB-774408,K-123-207-V04,LOG-4408,2026-08-12T11:47,2026-08-13T14:47,complete
AWB-774409,K-087-101-V02,LOG-4409,2026-03-13T10:46,2026-03-14T13:46,complete
AWB-774410,K-087-101-V03,LOG-4410,2026-06-05T10:53,2026-06-06T13:53,complete
AWB-774411,K-087-101-V04,LOG-4411,2026-08-04T10:25,2026-08-05T13:25,complete
AWB-774412,K-087-105-V02,LOG-4412,2026-03-10T10:50,2026-03-11T13:50,complete
AWB-774413,K-087-105-V03,LOG-4413,2026-06-02T10:57,2026-06-03T13:57,complete
AWB-774414,K-087-105-V04,LOG-4414,2026-08-07T11:10,2026-08-08T14:10,complete
AWB-774415,K-045-301-V02,LOG-4415,2026-03-10T10:46,2026-03-11T13:46,complete
AWB-774416,K-045-301-V03,LOG-4416,2026-06-02T10:53,2026-06-03T13:53,complete
AWB-774417,K-045-301-V04,LOG-4417,2026-08-14T12:00,2026-08-15T15:00,complete
