logger_id,reading_at,temp_c
LOG-4400,2026-03-15T10:46,-79
LOG-4400,2026-03-15T13:46,-78
LOG-4400,2026-03-15T16:46,-77
LOG-4400,2026-03-15T19:46,-79
LOG-4400,2026-03-15T22:46,-78
LOG-4400,2026-03-16T01:46,-77
LOG-4400,2026-03-16T04:46,-79
LOG-4400,2026-03-16T07:46,-78
LOG-4400,2026-03-16T10:46,-77
LOG-4400,2026-03-16T13:46,-79
LOG-4401,2026-06-07T10:53,-79
LOG-4401,2026-06-07T13:53,-78
LOG-4401,2026-06-07T16:53,-77
LOG-4401,2026-06-07T19:53,-79
LOG-4401,2026-06-07T22:53,-78
LOG-4401,2026-06-08T01:53,-77
LOG-4401,2026-06-08T04:53,-79
LOG-4401,2026-06-08T07:53,-78
LOG-4401,2026-06-08T10:53,-77
LOG-4401,2026-06-08T13:53,-79
LOG-4402,2026-08-06T10:55,-79
LOG-4402,2026-08-06T13:55,-78
LOG-4402,2026-08-06T16:55,-77
LOG-4402,2026-08-06T19:55,-79
LOG-4402,2026-08-06T22:55,-78
LOG-4402,2026-08-07T01:55,-77
LOG-4402,2026-08-07T04:55,-79
LOG-4402,2026-08-07T07:55,-78
LOG-4402,2026-08-07T10:55,-77
LOG-4402,2026-08-07T13:55,-79
LOG-4403,2026-03-11T10:49,-79
LOG-4403,2026-03-11T13:49,-78
LOG-4403,2026-03-11T16:49,-77
LOG-4403,2026-03-11T19:49,-79
LOG-4403,2026-03-11T22:49,-78
LOG-4403,2026-03-12T01:49,-77
LOG-4403,2026-03-12T04:49,-79
LOG-4403,2026-03-12T07:49,-78
LOG-4403,2026-03-12T10:49,-77
LOG-4403,2026-03-12T13:49,-79
LOG-4404,2026-06-03T10:56,-79
LOG-4404,2026-06-03T13:56,-78
LOG-4404,2026-06-03T16:56,-77
LOG-4404,2026-06-03T19:56,-79
LOG-4404,2026-06-03T22:56,-78
LOG-4404,2026-06-04T01:56,-77
LOG-4404,2026-06-04T04:56,-79
LOG-4404,2026-06-04T07:56,-78
LOG-4404,2026-06-04T10:56,-77
LOG-4404,2026-06-04T13:56,-79
LOG-4405,2026-08-05T10:59,-79
LOG-4405,2026-08-05T13:59,-78
LOG-4405,2026-08-05T16:59,-77
LOG-4405,2026-08-05T19:59,-79
LOG-4405,2026-08-05T22:59,-78
LOG-4405,2026-08-06T01:59,-77
LOG-4405,2026-08-06T04:59,-79
LOG-4405,2026-08-06T07:59,-78
LOG-4405,2026-08-06T10:59,-77
LOG-4405,2026-08-06T13:59,-79
LOG-4406,2026-03-14T10:52,-79
LOG-4406,2026-03-14T13:52,-78
LOG-4406,2026-03-14T16:52,-77
LOG-4406,2026-03-14T19:52,-79
LOG-4406,2026-03-14T22:52,-78
LOG-4406,2026-03-15T01:52,-77
LOG-4406,2026-03-15T04:52,-79
LOG-4406,2026-03-15T07:52,-78
LOG-4406,2026-03-15T10:52,-77
LOG-4406,2026-03-15T13:52,-79
LOG-4407,2026-06-06T10:59,-79
LOG-4407,2026-06-06T13:59,-78
LOG-4407,2026-06-06T16:59,-77
LOG-4407,2026-06-06T19:59,-79
LOG-4407,2026-06-06T22:59,-78
LOG-4407,2026-06-07T01:59,-77
LOG-4407,2026-06-07T04:59,-79
LOG-4407,2026-06-07T07:59,-78
LOG-4407,2026-06-07T10:59,-77
LOG-4407,2026-06-07T13:59,-79
LOG-4408,2026-08-12T11:47,-79
LOG-4408,2026-08-12T14:47,-78
LOG-4408,2026-08-12T17:47,-77
LOG-4408,2026-08-12T20:47,-79
LOG-4408,2026-08-12T23:47,-78
LOG-4408,2026-08-13T02:47,-77
LOG-4408,2026-08-13T05:47,-79
LOG-4408,2026-08-13T08:47,-78
LOG-4408,2026-08-13T11:47,-77
LOG-4408,2026-08-13T14:47,-79
LOG-4409,2026-03-13T10:46,-79
LOG-4409,2026-03-13T13:46,-78
LOG-4409,2026-03-13T16:46,-77
LOG-4409,2026-03-13T19:46,-79
LOG-4409,2026-03-13T22:46,-78
LOG-4409,2026-03-14T01:46,-77
LOG-4409,2026-03-14T04:46,-79
LOG-4409,2026-03-14T07:46,-78
LOG-4409,2026-03-14T10:46,-77
LOG-4409,2026-03-14T13:46,-79
LOG-4410,2026-06-05T10:53,-79
LOG-4410,2026-06-05T13:53,-78
LOG-4410,2026-06-05T16:53,-77
LOG-4410,2026-06-05T19:53,-79
LOG-4410,2026-06-05T22:53,-78
LOG-4410,2026-06-06T01:53,-77
LOG-4410,2026-06-06T04:53,-79
LOG-4410,2026-06-06T07:53,-78
LOG-4410,2026-06-06T10:53,-77
LOG-4410,2026-06-06T13:53,-79
LOG-4411,2026-08-04T10:25,-79
LOG-4411,2026-08-04T13:25,-78
LOG-4411,2026-08-04T16:25,-77
LOG-4411,2026-08-04T19:25,-79
LOG-4411,2026-08-04T22:25,-78
LOG-4411,2026-08-05T01:25,-77
LOG-4411,2026-08-05T04:25,-79
LOG-4411,2026-08-05T07:25,-78
LOG-4411,2026-08-05T10:25,-77
LOG-4411,2026-08-05T13:25,-79
LOG-4412,2026-03-10T10:50,-79
LOG-4412,2026-03-10T13:50,-78
LOG-4412,2026-03-10T16:50,-77
LOG-4412,2026-03-10T19:50,-79
LOG-4412,2026-03-10T22:50,-78
LOG-4412,2026-03-11T01:50,-77
LOG-4412,2026-03-11T04:50,-79
LOG-4412,2026-03-11T07:50,-78
LOG-4412,2026-03-11T10:50,-77
LOG-4412,2026-03-11T13:50,-79
LOG-4413,2026-06-02T10:57,-79
LOG-4413,2026-06-02T13:57,-78
LOG-4413,2026-06-02T16:57,-77
LOG-4413,2026-06-02T19:57,-79
LOG-4413,2026-06-02T22:57,-78
LOG-4413,2026-06-03T01:57,-77
LOG-4413,2026-06-03T04:57,-79
LOG-4413,2026-06-03T07:57,-78
LOG-4413,2026-06-03T10:57,-77
LOG-4413,2026-06-03T13:57,-79
LOG-4414,2026-08-07T11:10,-79
LOG-4414,2026-08-07T14:10,-78
LOG-4414,2026-08-07T17:10,-77
LOG-4414,2026-08-07T20:10,-79
LOG-4414,2026-08-07T23:10,-63
LOG-4414,2026-08-08T02:10,-66
LOG-4414,2026-08-08T05:10,-79
LOG-4414,2026-08-08T08:10,-78
LOG-4414,2026-08-08T11:10,-77
LOG-4414,2026-08-08T14:10,-79
LOG-4415,2026-03-10T10:46,-79
LOG-4415,2026-03-10T13:46,-78
LOG-4415,2026-03-10T16:46,-77
LOG-4415,2026-03-10T19:46,-79
LOG-4415,2026-03-10T22:46,-78
LOG-4415,2026-03-11T01:46,-77
LOG-4415,2026-03-11T04:46,-79
LOG-4415,2026-03-11T07:46,-78
LOG-4415,2026-03-11T10:46,-77
LOG-4415,2026-03-11T13:46,-79
LOG-4416,2026-06-02T10:53,-79
LOG-4416,2026-06-02T13:53,-78
LOG-4416,2026-06-02T16:53,-77
LOG-4416,2026-06-02T19:53,-79
LOG-4416,2026-06-02T22:53,-78
LOG-4416,2026-06-03T01:53,-77
LOG-4416,2026-06-03T04:53,-79
LOG-4416,2026-06-03T07:53,-78
LOG-4416,2026-06-03T10:53,-77
LOG-4416,2026-06-03T13:53,-79
LOG-4417,2026-08-14T12:00,-79
LOG-4417,2026-08-14T15:00,-78
LOG-4417,2026-08-14T18:00,-77
LOG-4417,2026-08-14T21:00,-79
LOG-4417,2026-08-15T00:00,-78
LOG-4417,2026-08-15T03:00,-77
LOG-4417,2026-08-15T06:00,-79
LOG-4417,2026-08-15T09:00,-78
LOG-4417,2026-08-15T12:00,-77
LOG-4417,2026-08-15T15:00,-79
