participant_ref,document,signed_at,witness,status
CVRM118-123-0201,ICF v2.0,2026-02-03 10:05,T. Okafor,SIGNED
CVRM118-123-0201,ICF v3.0,2026-08-04 15:40,T. Okafor,SIGNED
CVRM118-123-0204,ICF v2.0,2026-02-10 14:22,T. Okafor,SIGNED
CVRM118-123-0204,ICF v3.0,2026-08-19 11:30,T. Okafor,SIGNED
CVRM118-123-0207,ICF v2.0,2026-03-01 09:12,T. Okafor,SIGNED
CVRM118-123-0207,ICF v3.0,2026-07-30 13:05,T. Okafor,SIGNED
CVRM118-087-0101,ICF v2.0,2026-02-01 09:00,E. Laurent,SIGNED
CVRM118-087-0101,ICF v3.0,2026-07-29 10:20,E. Laurent,SIGNED
CVRM118-087-0105,ICF v2.0,2026-02-15 11:45,E. Laurent,SIGNED
CVRM118-087-0105,ICF v3.0,2026-07-30 16:10,E. Laurent,SIGNED
CVRM118-045-0301,ICF v2.0,2026-02-20 08:50,N. Petrov,SIGNED
CVRM118-045-0301,ICF v3.0,2026-08-12 09:30,N. Petrov,SIGNED
