subject,visit,form,item,value,entered_at,entered_by
123-201,SCREEN,DM,ENROLLMENT_DATE,2026-02-03,2026-02-03T17:00,CRC
123-201,V02,VISIT,VISIT_DATE,2026-03-15,2026-03-15T15:01,T. Okafor
123-201,V02,PK,COLLECTED_AT,2026-03-15T09:01,2026-03-15T15:01,J. Moreno
123-201,V02,PK,COLLECTED_BY,J. Moreno,2026-03-15T15:01,J. Moreno
123-201,V02,PK,TUBES,2x EDTA + 1x SST,2026-03-15T15:01,J. Moreno
123-201,V02,PK,KIT_ID,K-123-201-V02,2026-03-15T15:01,J. Moreno
123-201,V02,PK,CENTRIFUGE,EQ-123-01,2026-03-15T15:01,J. Moreno
123-201,V02,PK,SPIN,3000 rpm x 15 min,2026-03-15T15:01,J. Moreno
123-201,V02,PK,PROCESSED_AT,2026-03-15T09:29,2026-03-15T15:01,J. Moreno
123-201,V02,PK,PACKAGED_BY,T. Okafor,2026-03-15T15:01,J. Moreno
123-201,V02,PK,PACKAGED_AT,2026-03-15T10:17,2026-03-15T15:01,J. Moreno
123-201,V03,VISIT,VISIT_DATE,2026-06-07,2026-06-07T15:08,T. Okafor
123-201,V03,PK,COLLECTED_AT,2026-06-07T09:08,2026-06-07T15:08,J. Moreno
123-201,V03,PK,COLLECTED_BY,J. Moreno,2026-06-07T15:08,J. Moreno
123-201,V03,PK,TUBES,2x EDTA + 1x SST,2026-06-07T15:08,J. Moreno
123-201,V03,PK,KIT_ID,K-123-201-V03,2026-06-07T15:08,J. Moreno
123-201,V03,PK,CENTRIFUGE,EQ-123-01,2026-06-07T15:08,J. Moreno
123-201,V03,PK,SPIN,3000 rpm x 15 min,2026-06-07T15:08,J. Moreno
123-201,V03,PK,PROCESSED_AT,2026-06-07T09:36,2026-06-07T15:08,J. Moreno
123-201,V03,PK,PACKAGED_BY,T. Okafor,2026-06-07T15:08,J. Moreno
123-201,V03,PK,PACKAGED_AT,2026-06-07T10:24,2026-06-07T15:08,J. Moreno
123-201,V04,VISIT,VISIT_DATE,2026-08-06,2026-08-06T15:10,T. Okafor
123-201,V04,PK,COLLECTED_AT,2026-08-06T09:10,2026-08-06T15:10,P. Singh
123-201,V04,PK,COLLECTED_BY,P. Singh,2026-08-06T15:10,P. Singh
123-201,V04,PK,TUBES,3x EDTA + 1x SST,2026-08-06T15:10,P. Singh
123-201,V04,PK,KIT_ID,K-123-201-V04,2026-08-06T15:10,P. Singh
123-201,V04,PK,CENTRIFUGE,EQ-123-01,2026-08-06T15:10,P. Singh
123-201,V04,PK,SPIN,3000 rpm x 15 min,2026-08-06T15:10,P. Singh
123-201,V04,PK,PROCESSED_AT,2026-08-06T09:38,2026-08-06T15:10,P. Singh
123-201,V04,PK,PACKAGED_BY,T. Okafor,2026-08-06T15:10,P. Singh
123-201,V04,PK,PACKAGED_AT,2026-08-06T10:26,2026-08-06T15:10,P. Singh
123-204,SCREEN,DM,ENROLLMENT_DATE,2026-02-10,2026-02-10T17:00,CRC
123-204,V02,VISIT,VISIT_DATE,2026-03-11,2026-03-11T15:04,T. Okafor
123-204,V02,PK,COLLECTED_AT,2026-03-11T09:04,2026-03-11T15:04,J. Moreno
123-204,V02,PK,COLLECTED_BY,J. Moreno,2026-03-11T15:04,J. Moreno
123-204,V02,PK,TUBES,2x EDTA + 1x SST,2026-03-11T15:04,J. Moreno
123-204,V02,PK,KIT_ID,K-123-204-V02,2026-03-11T15:04,J. Moreno
123-204,V02,PK,CENTRIFUGE,EQ-123-01,2026-03-11T15:04,J. Moreno
123-204,V02,PK,SPIN,3000 rpm x 15 min,2026-03-11T15:04,J. Moreno
123-204,V02,PK,PROCESSED_AT,2026-03-11T09:32,2026-03-11T15:04,J. Moreno
123-204,V02,PK,PACKAGED_BY,T. Okafor,2026-03-11T15:04,J. Moreno
123-204,V02,PK,PACKAGED_AT,2026-03-11T10:20,2026-03-11T15:04,J. Moreno
123-204,V03,VISIT,VISIT_DATE,2026-06-03,2026-06-03T15:11,T. Okafor
123-204,V03,PK,COLLECTED_AT,2026-06-03T09:11,2026-06-03T15:11,J. Moreno
123-204,V03,PK,COLLECTED_BY,J. Moreno,2026-06-03T15:11,J. Moreno
123-204,V03,PK,TUBES,2x EDTA + 1x SST,2026-06-03T15:11,J. Moreno
123-204,V03,PK,KIT_ID,K-123-204-V03,2026-06-03T15:11,J. Moreno
123-204,V03,PK,CENTRIFUGE,EQ-123-01,2026-06-03T15:11,J. Moreno
123-204,V03,PK,SPIN,3000 rpm x 15 min,2026-06-03T15:11,J. Moreno
123-204,V03,PK,PROCESSED_AT,2026-06-03T09:39,2026-06-03T15:11,J. Moreno
123-204,V03,PK,PACKAGED_BY,T. Okafor,2026-06-03T15:11,J. Moreno
123-204,V03,PK,PACKAGED_AT,2026-06-03T10:27,2026-06-03T15:11,J. Moreno
123-204,V04,VISIT,VISIT_DATE,2026-08-05,2026-08-05T15:14,T. Okafor
123-204,V04,PK,COLLECTED_AT,2026-08-05T09:14,2026-08-05T15:14,J. Moreno
123-204,V04,PK,COLLECTED_BY,J. Moreno,2026-08-05T15:14,J. Moreno
123-204,V04,PK,TUBES,2x EDTA + 1x SST,2026-08-05T15:14,J. Moreno
123-204,V04,PK,KIT_ID,K-123-204-V04,2026-08-05T15:14,J. Moreno
123-204,V04,PK,CENTRIFUGE,EQ-123-01,2026-08-05T15:14,J. Moreno
123-204,V04,PK,SPIN,3000 rpm x 15 min,2026-08-05T15:14,J. Moreno
123-204,V04,PK,PROCESSED_AT,2026-08-05T09:42,2026-08-05T15:14,J. Moreno
123-204,V04,PK,PACKAGED_BY,T. Okafor,2026-08-05T15:14,J. Moreno
123-204,V04,PK,PACKAGED_AT,2026-08-05T10:30,2026-08-05T15:14,J. Moreno
123-207,SCREEN,DM,ENROLLMENT_DATE,2026-03-01,2026-03-01T17:00,CRC
123-207,V02,VISIT,VISIT_DATE,2026-03-14,2026-03-14T15:07,T. Okafor
123-207,V02,PK,COLLECTED_AT,2026-03-14T09:07,2026-03-14T15:07,J. Moreno
123-207,V02,PK,COLLECTED_BY,J. Moreno,2026-03-14T15:07,J. Moreno
123-207,V02,PK,TUBES,2x EDTA + 1x SST,2026-03-14T15:07,J. Moreno
123-207,V02,PK,KIT_ID,K-123-207-V02,2026-03-14T15:07,J. Moreno
123-207,V02,PK,CENTRIFUGE,EQ-123-01,2026-03-14T15:07,J. Moreno
123-207,V02,PK,SPIN,3000 rpm x 15 min,2026-03-14T15:07,J. Moreno
123-207,V02,PK,PROCESSED_AT,2026-03-14T09:35,2026-03-14T15:07,J. Moreno
123-207,V02,PK,PACKAGED_BY,T. Okafor,2026-03-14T15:07,J. Moreno
123-207,V02,PK,PACKAGED_AT,2026-03-14T10:23,2026-03-14T15:07,J. Moreno
123-207,V03,VISIT,VISIT_DATE,2026-06-06,2026-06-06T15:14,T. Okafor
123-207,V03,PK,COLLECTED_AT,2026-06-06T09:14,2026-06-06T15:14,J. Moreno
123-207,V03,PK,COLLECTED_BY,J. Moreno,2026-06-06T15:14,J. Moreno
123-207,V03,PK,TUBES,2x EDTA + 1x SST,2026-06-06T15:14,J. Moreno
123-207,V03,PK,KIT_ID,K-123-207-V03,2026-06-06T15:14,J. Moreno
123-207,V03,PK,CENTRIFUGE,EQ-123-01,2026-06-06T15:14,J. Moreno
123-207,V03,PK,SPIN,3000 rpm x 15 min,2026-06-06T15:14,J. Moreno
123-207,V03,PK,PROCESSED_AT,2026-06-06T09:42,2026-06-06T15:14,J. Moreno
123-207,V03,PK,PACKAGED_BY,T. Okafor,2026-06-06T15:14,J. Moreno
123-207,V03,PK,PACKAGED_AT,2026-06-06T10:30,2026-06-06T15:14,J. Moreno
123-207,V04,VISIT,VISIT_DATE,2026-08-12,2026-08-12T16:02,T. Okafor
123-207,V04,PK,COLLECTED_AT,2026-08-12T10:02,2026-08-12T16:02,J. Moreno
123-207,V04,PK,COLLECTED_BY,J. Moreno,2026-08-12T16:02,J. Moreno
123-207,V04,PK,TUBES,3x EDTA + 1x SST,2026-08-12T16:02,J. Moreno
123-207,V04,PK,KIT_ID,K-123-207-V04,2026-08-12T16:02,J. Moreno
123-207,V04,PK,CENTRIFUGE,EQ-123-01,2026-08-12T16:02,J. Moreno
123-207,V04,PK,SPIN,3000 rpm x 15 min,2026-08-12T16:02,J. Moreno
123-207,V04,PK,PROCESSED_AT,2026-08-12T10:30,2026-08-12T16:02,J. Moreno
123-207,V04,PK,PACKAGED_BY,T. Okafor,2026-08-12T16:02,J. Moreno
123-207,V04,PK,PACKAGED_AT,2026-08-12T11:18,2026-08-12T16:02,J. Moreno
087-101,SCREEN,DM,ENROLLMENT_DATE,2026-02-01,2026-02-01T17:00,CRC
087-101,V02,VISIT,VISIT_DATE,2026-03-13,2026-03-13T15:01,E. Laurent
087-101,V02,PK,COLLECTED_AT,2026-03-13T09:01,2026-03-13T15:01,D. Brandt
087-101,V02,PK,COLLECTED_BY,D. Brandt,2026-03-13T15:01,D. Brandt
087-101,V02,PK,TUBES,2x EDTA + 1x SST,2026-03-13T15:01,D. Brandt
087-101,V02,PK,KIT_ID,K-087-101-V02,2026-03-13T15:01,D. Brandt
087-101,V02,PK,CENTRIFUGE,EQ-087-01,2026-03-13T15:01,D. Brandt
087-101,V02,PK,SPIN,3000 rpm x 15 min,2026-03-13T15:01,D. Brandt
087-101,V02,PK,PROCESSED_AT,2026-03-13T09:29,2026-03-13T15:01,D. Brandt
087-101,V02,PK,PACKAGED_BY,E. Laurent,2026-03-13T15:01,D. Brandt
087-101,V02,PK,PACKAGED_AT,2026-03-13T10:17,2026-03-13T15:01,D. Brandt
087-101,V03,VISIT,VISIT_DATE,2026-06-05,2026-06-05T15:08,E. Laurent
087-101,V03,PK,COLLECTED_AT,2026-06-05T09:08,2026-06-05T15:08,D. Brandt
087-101,V03,PK,COLLECTED_BY,D. Brandt,2026-06-05T15:08,D. Brandt
087-101,V03,PK,TUBES,2x EDTA + 1x SST,2026-06-05T15:08,D. Brandt
087-101,V03,PK,KIT_ID,K-087-101-V03,2026-06-05T15:08,D. Brandt
087-101,V03,PK,CENTRIFUGE,EQ-087-01,2026-06-05T15:08,D. Brandt
087-101,V03,PK,SPIN,3000 rpm x 15 min,2026-06-05T15:08,D. Brandt
087-101,V03,PK,PROCESSED_AT,2026-06-05T09:36,2026-06-05T15:08,D. Brandt
087-101,V03,PK,PACKAGED_BY,E. Laurent,2026-06-05T15:08,D. Brandt
087-101,V03,PK,PACKAGED_AT,2026-06-05T10:24,2026-06-05T15:08,D. Brandt
087-101,V04,VISIT,VISIT_DATE,2026-08-04,2026-08-04T14:40,E. Laurent
087-101,V04,PK,COLLECTED_AT,2026-08-04T08:40,2026-08-04T14:40,D. Brandt
087-101,V04,PK,COLLECTED_BY,D. Brandt,2026-08-04T14:40,D. Brandt
087-101,V04,PK,TUBES,3x EDTA + 1x SST,2026-08-04T14:40,D. Brandt
087-101,V04,PK,KIT_ID,K-087-101-V04,2026-08-04T14:40,D. Brandt
087-101,V04,PK,CENTRIFUGE,EQ-087-01,2026-08-04T14:40,D. Brandt
087-101,V04,PK,SPIN,3000 rpm x 15 min,2026-08-04T14:40,D. Brandt
087-101,V04,PK,PROCESSED_AT,2026-08-04T09:08,2026-08-04T14:40,D. Brandt
087-101,V04,PK,PACKAGED_BY,E. Laurent,2026-08-04T14:40,D. Brandt
087-101,V04,PK,PACKAGED_AT,2026-08-04T09:56,2026-08-04T14:40,D. Brandt
087-105,SCREEN,DM,ENROLLMENT_DATE,2026-02-15,2026-02-15T17:00,CRC
087-105,V02,VISIT,VISIT_DATE,2026-03-10,2026-03-10T15:05,E. Laurent
087-105,V02,PK,COLLECTED_AT,2026-03-10T09:05,2026-03-10T15:05,D. Brandt
087-105,V02,PK,COLLECTED_BY,D. Brandt,2026-03-10T15:05,D. Brandt
087-105,V02,PK,TUBES,2x EDTA + 1x SST,2026-03-10T15:05,D. Brandt
087-105,V02,PK,KIT_ID,K-087-105-V02,2026-03-10T15:05,D. Brandt
087-105,V02,PK,CENTRIFUGE,EQ-087-01,2026-03-10T15:05,D. Brandt
087-105,V02,PK,SPIN,3000 rpm x 15 min,2026-03-10T15:05,D. Brandt
087-105,V02,PK,PROCESSED_AT,2026-03-10T09:33,2026-03-10T15:05,D. Brandt
087-105,V02,PK,PACKAGED_BY,E. Laurent,2026-03-10T15:05,D. Brandt
087-105,V02,PK,PACKAGED_AT,2026-03-10T10:21,2026-03-10T15:05,D. Brandt
087-105,V03,VISIT,VISIT_DATE,2026-06-02,2026-06-02T15:12,E. Laurent
087-105,V03,PK,COLLECTED_AT,2026-06-02T09:12,2026-06-02T15:12,D. Brandt
087-105,V03,PK,COLLECTED_BY,D. Brandt,2026-06-02T15:12,D. Brandt
087-105,V03,PK,TUBES,2x EDTA + 1x SST,2026-06-02T15:12,D. Brandt
087-105,V03,PK,KIT_ID,K-087-105-V03,2026-06-02T15:12,D. Brandt
087-105,V03,PK,CENTRIFUGE,EQ-087-01,2026-06-02T15:12,D. Brandt
087-105,V03,PK,SPIN,3000 rpm x 15 min,2026-06-02T15:12,D. Brandt
087-105,V03,PK,PROCESSED_AT,2026-06-02T09:40,2026-06-02T15:12,D. Brandt
087-105,V03,PK,PACKAGED_BY,E. Laurent,2026-06-02T15:12,D. Brandt
087-105,V03,PK,PACKAGED_AT,2026-06-02T10:28,2026-06-02T15:12,D. Brandt
087-105,V04,VISIT,VISIT_DATE,2026-08-07,2026-08-07T15:25,E. Laurent
087-105,V04,PK,COLLECTED_AT,2026-08-07T09:25,2026-08-07T15:25,D. Brandt
087-105,V04,PK,COLLECTED_BY,D. Brandt,2026-08-07T15:25,D. Brandt
087-105,V04,PK,TUBES,3x EDTA + 1x SST,2026-08-07T15:25,D. Brandt
087-105,V04,PK,KIT_ID,K-087-105-V04,2026-08-07T15:25,D. Brandt
087-105,V04,PK,CENTRIFUGE,EQ-087-01,2026-08-07T15:25,D. Brandt
087-105,V04,PK,SPIN,3000 rpm x 15 min,2026-08-07T15:25,D. Brandt
087-105,V04,PK,PROCESSED_AT,2026-08-07T09:53,2026-08-07T15:25,D. Brandt
087-105,V04,PK,PACKAGED_BY,E. Laurent,2026-08-07T15:25,D. Brandt
087-105,V04,PK,PACKAGED_AT,2026-08-07T10:41,2026-08-07T15:25,D. Brandt
045-301,SCREEN,DM,ENROLLMENT_DATE,2026-02-20,2026-02-20T17:00,CRC
045-301,V02,VISIT,VISIT_DATE,2026-03-10,2026-03-10T15:01,N. Petrov
045-301,V02,PK,COLLECTED_AT,2026-03-10T09:01,2026-03-10T15:01,K. Osei
045-301,V02,PK,COLLECTED_BY,K. Osei,2026-03-10T15:01,K. Osei
045-301,V02,PK,TUBES,2x EDTA + 1x SST,2026-03-10T15:01,K. Osei
045-301,V02,PK,KIT_ID,K-045-301-V02,2026-03-10T15:01,K. Osei
045-301,V02,PK,CENTRIFUGE,EQ-045-01,2026-03-10T15:01,K. Osei
045-301,V02,PK,SPIN,3000 rpm x 15 min,2026-03-10T15:01,K. Osei
045-301,V02,PK,PROCESSED_AT,2026-03-10T09:29,2026-03-10T15:01,K. Osei
045-301,V02,PK,PACKAGED_BY,N. Petrov,2026-03-10T15:01,K. Osei
045-301,V02,PK,PACKAGED_AT,2026-03-10T10:17,2026-03-10T15:01,K. Osei
045-301,V03,VISIT,VISIT_DATE,2026-06-02,2026-06-02T15:08,N. Petrov
045-301,V03,PK,COLLECTED_AT,2026-06-02T09:08,2026-06-02T15:08,K. Osei
045-301,V03,PK,COLLECTED_BY,K. Osei,2026-06-02T15:08,K. Osei
045-301,V03,PK,TUBES,2x EDTA + 1x SST,2026-06-02T15:08,K. Osei
045-301,V03,PK,KIT_ID,K-045-301-V03,2026-06-02T15:08,K. Osei
045-301,V03,PK,CENTRIFUGE,EQ-045-01,2026-06-02T15:08,K. Osei
045-301,V03,PK,SPIN,3000 rpm x 15 min,2026-06-02T15:08,K. Osei
045-301,V03,PK,PROCESSED_AT,2026-06-02T09:36,2026-06-02T15:08,K. Osei
045-301,V03,PK,PACKAGED_BY,N. Petrov,2026-06-02T15:08,K. Osei
045-301,V03,PK,PACKAGED_AT,2026-06-02T10:24,2026-06-02T15:08,K. Osei
045-301,V04,VISIT,VISIT_DATE,2026-08-14,2026-08-14T16:15,N. Petrov
045-301,V04,PK,COLLECTED_AT,2026-08-14T10:15,2026-08-14T16:15,K. Osei
045-301,V04,PK,COLLECTED_BY,K. Osei,2026-08-14T16:15,K. Osei
045-301,V04,PK,TUBES,3x EDTA + 1x SST,2026-08-14T16:15,K. Osei
045-301,V04,PK,KIT_ID,K-045-301-V04,2026-08-14T16:15,K. Osei
045-301,V04,PK,CENTRIFUGE,EQ-045-01,2026-08-14T16:15,K. Osei
045-301,V04,PK,SPIN,3000 rpm x 15 min,2026-08-14T16:15,K. Osei
045-301,V04,PK,PROCESSED_AT,2026-08-14T10:43,2026-08-14T16:15,K. Osei
045-301,V04,PK,PACKAGED_BY,N. Petrov,2026-08-14T16:15,K. Osei
045-301,V04,PK,PACKAGED_AT,2026-08-14T11:31,2026-08-14T16:15,K. Osei
