accession,kit_id,site,subject,visit,received_at,receipt_temp_c,vials_received,analyst,method,analyzed_at,test,result,units,ref_low,ref_high,reported_at,reviewed_by,review_status,reviewed_at
ACC-4400,K-123-201-V02,SITE123,0201,V02,2026-03-16T14:09,-77,3,A. Novak,PK-LCMS method 4.1,2026-03-17T10:09,PK concentration,17.1,ng/mL,5.0,40.0,2026-03-18T16:09,Dr. R. Iqbal,SIGNED_OFF,2026-03-19T11:09
ACC-4401,K-123-201-V03,SITE123,0201,V03,2026-06-08T14:16,-77,3,A. Novak,PK-LCMS method 4.1,2026-06-09T10:16,PK concentration,17.1,ng/mL,5.0,40.0,2026-06-10T16:16,Dr. R. Iqbal,SIGNED_OFF,2026-06-11T11:16
ACC-4402,K-123-201-V04,SITE123,0201,V04,2026-08-07T14:18,-77,4,A. Novak,PK-LCMS method 4.1,2026-08-08T10:18,PK concentration,19.1,ng/mL,5.0,40.0,2026-08-09T16:18,Dr. R. Iqbal,SIGNED_OFF,2026-08-10T11:18
ACC-4403,K-123-204-V02,SITE123,0204,V02,2026-03-12T14:12,-77,3,A. Novak,PK-LCMS method 4.1,2026-03-13T10:12,PK concentration,22.2,ng/mL,5.0,40.0,2026-03-14T16:12,Dr. R. Iqbal,SIGNED_OFF,2026-03-15T11:12
ACC-4404,K-123-204-V03,SITE123,0204,V03,2026-06-04T14:19,-77,3,A. Novak,PK-LCMS method 4.1,2026-06-05T10:19,PK concentration,22.2,ng/mL,5.0,40.0,2026-06-06T16:19,Dr. R. Iqbal,SIGNED_OFF,2026-06-07T11:19
ACC-4405,K-123-204-V04,SITE123,0204,V04,2026-08-06T14:22,-77,3,A. Novak,PK-LCMS method 4.1,2026-08-07T10:22,PK concentration,24.2,ng/mL,5.0,40.0,2026-08-08T16:22,Dr. R. Iqbal,SIGNED_OFF,2026-08-09T11:22
ACC-4406,K-123-207-V02,SITE123,0207,V02,2026-03-15T14:15,-77,3,A. Novak,PK-LCMS method 4.1,2026-03-16T10:15,PK concentration,12.0,ng/mL,5.0,40.0,2026-03-17T16:15,Dr. R. Iqbal,SIGNED_OFF,2026-03-18T11:15
ACC-4407,K-123-207-V03,SITE123,0207,V03,2026-06-07T14:22,-77,3,A. Novak,PK-LCMS method 4.1,2026-06-08T10:22,PK concentration,12.0,ng/mL,5.0,40.0,2026-06-09T16:22,Dr. R. Iqbal,SIGNED_OFF,2026-06-10T11:22
ACC-4408,K-123-207-V04,SITE123,0207,V04,2026-08-13T15:10,-77,4,A. Novak,PK-LCMS method 4.1,2026-08-14T11:10,PK concentration,14.0,ng/mL,5.0,40.0,2026-08-15T17:10,Dr. R. Iqbal,SIGNED_OFF,2026-08-16T12:10
ACC-4409,K-087-101-V02,SITE087,0101,V02,2026-03-14T14:09,-77,3,A. Novak,PK-LCMS method 4.1,2026-03-15T10:09,PK concentration,15.4,ng/mL,5.0,40.0,2026-03-16T16:09,Dr. R. Iqbal,SIGNED_OFF,2026-03-17T11:09
ACC-4410,K-087-101-V03,SITE087,0101,V03,2026-06-06T14:16,-77,3,A. Novak,PK-LCMS method 4.1,2026-06-07T10:16,PK concentration,15.4,ng/mL,5.0,40.0,2026-06-08T16:16,Dr. R. Iqbal,SIGNED_OFF,2026-06-09T11:16
ACC-4411,K-087-101-V04,SITE087,0101,V04,2026-08-05T13:48,-77,4,A. Novak,PK-LCMS method 4.1,2026-08-06T09:48,PK concentration,17.4,ng/mL,5.0,40.0,2026-08-07T15:48,Dr. R. Iqbal,SIGNED_OFF,2026-08-08T10:48
ACC-4412,K-087-105-V02,SITE087,0105,V02,2026-03-11T14:13,-77,3,A. Novak,PK-LCMS method 4.1,2026-03-12T10:13,PK concentration,22.2,ng/mL,5.0,40.0,2026-03-13T16:13,Dr. R. Iqbal,SIGNED_OFF,2026-03-14T11:13
ACC-4413,K-087-105-V03,SITE087,0105,V03,2026-06-03T14:20,-77,3,A. Novak,PK-LCMS method 4.1,2026-06-04T10:20,PK concentration,22.2,ng/mL,5.0,40.0,2026-06-05T16:20,Dr. R. Iqbal,SIGNED_OFF,2026-06-06T11:20
ACC-4414,K-087-105-V04,SITE087,0105,V04,2026-08-08T14:33,-71,4,A. Novak,PK-LCMS method 4.1,2026-08-09T10:33,PK concentration,24.2,ng/mL,5.0,40.0,2026-08-10T16:33,Dr. R. Iqbal,SIGNED_OFF,2026-08-11T11:33
ACC-4415,K-045-301-V02,SITE045,0301,V02,2026-03-11T14:09,-77,3,A. Novak,PK-LCMS method 4.1,2026-03-12T10:09,PK concentration,18.8,ng/mL,5.0,40.0,2026-03-13T16:09,Dr. R. Iqbal,SIGNED_OFF,2026-03-14T11:09
ACC-4416,K-045-301-V03,SITE045,0301,V03,2026-06-03T14:16,-77,3,A. Novak,PK-LCMS method 4.1,2026-06-04T10:16,PK concentration,18.8,ng/mL,5.0,40.0,2026-06-05T16:16,Dr. R. Iqbal,SIGNED_OFF,2026-06-06T11:16
ACC-4417,K-045-301-V04,SITE045,0301,V04,2026-08-15T15:23,-77,4,A. Novak,PK-LCMS method 4.1,2026-08-16T11:23,PK concentration,20.8,ng/mL,5.0,40.0,2026-08-17T17:23,Dr. R. Iqbal,SIGNED_OFF,2026-08-18T12:23
